<?xml version="1.0" encoding="UTF-8"?>
<export version="D">
  <design>
    <source>D:/KiCAD Projects/PIC16f887 Basic Board/16f887 base.sch</source>
    <date>9/5/2018 10:06:16 AM</date>
    <tool>Eeschema 4.0.7</tool>
    <sheet number="1" name="/" tstamps="/">
      <title_block>
        <title>PIC18f887 Basic Board</title>
        <company>PHNLAB </company>
        <rev>1.0</rev>
        <date>30 dec 2014</date>
        <source>16f887 base.sch</source>
        <comment number="1" value="ENG BUNTHA"/>
        <comment number="2" value="facebook.com/phnlab"/>
        <comment number="3" value=""/>
        <comment number="4" value=""/>
      </title_block>
    </sheet>
    <sheet number="2" name="/Sheet549FBF1E/" tstamps="/549FBF1F/">
      <title_block>
        <title>PIC18f887 Basic Board</title>
        <company>INP TOLOUSE</company>
        <rev>1.0</rev>
        <date>30 dec 2014</date>
        <source>file549FBF1E.sch</source>
        <comment number="1" value="ENG BONTHA"/>
        <comment number="2" value=""/>
        <comment number="3" value=""/>
        <comment number="4" value=""/>
      </title_block>
    </sheet>
  </design>
  <components>
    <comp ref="D1">
      <value>1N4007</value>
      <footprint>DO7</footprint>
      <libsource lib="16f887 base-cache" part="1N4007"/>
      <sheetpath names="/" tstamps="/"/>
      <tstamp>549FB37B</tstamp>
    </comp>
    <comp ref="C1">
      <value>100n/50V</value>
      <libsource lib="16f887 base-rescue" part="C-RESCUE-16f887_base"/>
      <sheetpath names="/" tstamps="/"/>
      <tstamp>549FB37D</tstamp>
    </comp>
    <comp ref="C3">
      <value>470u/16V</value>
      <libsource lib="16f887 base-rescue" part="CP1-RESCUE-16f887_base"/>
      <sheetpath names="/" tstamps="/"/>
      <tstamp>549FB37E</tstamp>
    </comp>
    <comp ref="U1">
      <value>LM7805CT</value>
      <footprint>TO-220</footprint>
      <libsource lib="16f887 base-cache" part="LM7805CT"/>
      <sheetpath names="/" tstamps="/"/>
      <tstamp>549FB37F</tstamp>
    </comp>
    <comp ref="C5">
      <value>100n/50V</value>
      <libsource lib="16f887 base-rescue" part="C-RESCUE-16f887_base"/>
      <sheetpath names="/" tstamps="/"/>
      <tstamp>549FB380</tstamp>
    </comp>
    <comp ref="C7">
      <value>470u/16V</value>
      <libsource lib="16f887 base-rescue" part="CP1-RESCUE-16f887_base"/>
      <sheetpath names="/" tstamps="/"/>
      <tstamp>549FB381</tstamp>
    </comp>
    <comp ref="R3">
      <value>680</value>
      <libsource lib="16f887 base-rescue" part="R-RESCUE-16f887_base"/>
      <sheetpath names="/" tstamps="/"/>
      <tstamp>549FB382</tstamp>
    </comp>
    <comp ref="D3">
      <value>LED</value>
      <libsource lib="16f887 base-rescue" part="LED-RESCUE-16f887_base"/>
      <sheetpath names="/" tstamps="/"/>
      <tstamp>549FB383</tstamp>
    </comp>
    <comp ref="U5">
      <value>LM1084IT-3.3/NOPB</value>
      <footprint>TO-220</footprint>
      <libsource lib="16f887 base-cache" part="LM1084IT-3.3/NOPB"/>
      <sheetpath names="/" tstamps="/"/>
      <tstamp>549FB388</tstamp>
    </comp>
    <comp ref="C11">
      <value>100n/50V</value>
      <libsource lib="16f887 base-rescue" part="C-RESCUE-16f887_base"/>
      <sheetpath names="/" tstamps="/"/>
      <tstamp>549FB38A</tstamp>
    </comp>
    <comp ref="C15">
      <value>470u/16V</value>
      <libsource lib="16f887 base-rescue" part="CP1-RESCUE-16f887_base"/>
      <sheetpath names="/" tstamps="/"/>
      <tstamp>549FB38B</tstamp>
    </comp>
    <comp ref="P1">
      <value>CONN_2X2</value>
      <libsource lib="16f887 base-cache" part="CONN_2X2"/>
      <sheetpath names="/" tstamps="/"/>
      <tstamp>549FB38C</tstamp>
    </comp>
    <comp ref="P3">
      <value>CONN_2X2</value>
      <libsource lib="16f887 base-cache" part="CONN_2X2"/>
      <sheetpath names="/" tstamps="/"/>
      <tstamp>549FB38D</tstamp>
    </comp>
    <comp ref="R1">
      <value>10K</value>
      <libsource lib="16f887 base-rescue" part="R-RESCUE-16f887_base"/>
      <sheetpath names="/" tstamps="/"/>
      <tstamp>549FB392</tstamp>
    </comp>
    <comp ref="R13">
      <value>R</value>
      <libsource lib="16f887 base-rescue" part="R-RESCUE-16f887_base"/>
      <sheetpath names="/" tstamps="/"/>
      <tstamp>549FB39B</tstamp>
    </comp>
    <comp ref="SP1">
      <value>PASSIVE BUZZER</value>
      <libsource lib="16f887 base-cache" part="SPEAKER"/>
      <sheetpath names="/" tstamps="/"/>
      <tstamp>549FB3A8</tstamp>
    </comp>
    <comp ref="SW5">
      <value>SW_PUSH</value>
      <libsource lib="16f887 base-cache" part="SW_PUSH"/>
      <sheetpath names="/" tstamps="/"/>
      <tstamp>549FB3AD</tstamp>
    </comp>
    <comp ref="SW7">
      <value>SW_PUSH</value>
      <libsource lib="16f887 base-cache" part="SW_PUSH"/>
      <sheetpath names="/" tstamps="/"/>
      <tstamp>549FB3AE</tstamp>
    </comp>
    <comp ref="SW9">
      <value>SW_PUSH</value>
      <libsource lib="16f887 base-cache" part="SW_PUSH"/>
      <sheetpath names="/" tstamps="/"/>
      <tstamp>549FB3AF</tstamp>
    </comp>
    <comp ref="SW11">
      <value>SW_PUSH</value>
      <libsource lib="16f887 base-cache" part="SW_PUSH"/>
      <sheetpath names="/" tstamps="/"/>
      <tstamp>549FB3B0</tstamp>
    </comp>
    <comp ref="SW13">
      <value>SW_PUSH</value>
      <libsource lib="16f887 base-cache" part="SW_PUSH"/>
      <sheetpath names="/" tstamps="/"/>
      <tstamp>549FB3B1</tstamp>
    </comp>
    <comp ref="SW15">
      <value>SW_PUSH</value>
      <libsource lib="16f887 base-cache" part="SW_PUSH"/>
      <sheetpath names="/" tstamps="/"/>
      <tstamp>549FB3B2</tstamp>
    </comp>
    <comp ref="P13">
      <value>CONN_2X2</value>
      <libsource lib="16f887 base-cache" part="CONN_2X2"/>
      <sheetpath names="/" tstamps="/"/>
      <tstamp>549FB3B8</tstamp>
    </comp>
    <comp ref="R21">
      <value>470</value>
      <libsource lib="16f887 base-rescue" part="R-RESCUE-16f887_base"/>
      <sheetpath names="/" tstamps="/"/>
      <tstamp>549FB3CD</tstamp>
    </comp>
    <comp ref="R23">
      <value>470</value>
      <libsource lib="16f887 base-rescue" part="R-RESCUE-16f887_base"/>
      <sheetpath names="/" tstamps="/"/>
      <tstamp>549FB3CE</tstamp>
    </comp>
    <comp ref="R25">
      <value>470</value>
      <libsource lib="16f887 base-rescue" part="R-RESCUE-16f887_base"/>
      <sheetpath names="/" tstamps="/"/>
      <tstamp>549FB3CF</tstamp>
    </comp>
    <comp ref="R27">
      <value>470</value>
      <libsource lib="16f887 base-rescue" part="R-RESCUE-16f887_base"/>
      <sheetpath names="/" tstamps="/"/>
      <tstamp>549FB3D0</tstamp>
    </comp>
    <comp ref="R29">
      <value>470</value>
      <libsource lib="16f887 base-rescue" part="R-RESCUE-16f887_base"/>
      <sheetpath names="/" tstamps="/"/>
      <tstamp>549FB3D1</tstamp>
    </comp>
    <comp ref="R31">
      <value>470</value>
      <libsource lib="16f887 base-rescue" part="R-RESCUE-16f887_base"/>
      <sheetpath names="/" tstamps="/"/>
      <tstamp>549FB3D2</tstamp>
    </comp>
    <comp ref="R33">
      <value>470</value>
      <libsource lib="16f887 base-rescue" part="R-RESCUE-16f887_base"/>
      <sheetpath names="/" tstamps="/"/>
      <tstamp>549FB3D3</tstamp>
    </comp>
    <comp ref="R35">
      <value>470</value>
      <libsource lib="16f887 base-rescue" part="R-RESCUE-16f887_base"/>
      <sheetpath names="/" tstamps="/"/>
      <tstamp>549FB3D4</tstamp>
    </comp>
    <comp ref="D7">
      <value>LED</value>
      <libsource lib="16f887 base-rescue" part="LED-RESCUE-16f887_base"/>
      <sheetpath names="/" tstamps="/"/>
      <tstamp>549FB3D5</tstamp>
    </comp>
    <comp ref="D9">
      <value>LED</value>
      <libsource lib="16f887 base-rescue" part="LED-RESCUE-16f887_base"/>
      <sheetpath names="/" tstamps="/"/>
      <tstamp>549FB3D6</tstamp>
    </comp>
    <comp ref="D11">
      <value>LED</value>
      <libsource lib="16f887 base-rescue" part="LED-RESCUE-16f887_base"/>
      <sheetpath names="/" tstamps="/"/>
      <tstamp>549FB3D7</tstamp>
    </comp>
    <comp ref="D15">
      <value>LED</value>
      <libsource lib="16f887 base-rescue" part="LED-RESCUE-16f887_base"/>
      <sheetpath names="/" tstamps="/"/>
      <tstamp>549FB3D8</tstamp>
    </comp>
    <comp ref="D19">
      <value>LED</value>
      <libsource lib="16f887 base-rescue" part="LED-RESCUE-16f887_base"/>
      <sheetpath names="/" tstamps="/"/>
      <tstamp>549FB3D9</tstamp>
    </comp>
    <comp ref="D21">
      <value>LED</value>
      <libsource lib="16f887 base-rescue" part="LED-RESCUE-16f887_base"/>
      <sheetpath names="/" tstamps="/"/>
      <tstamp>549FB3DA</tstamp>
    </comp>
    <comp ref="D13">
      <value>LED</value>
      <libsource lib="16f887 base-rescue" part="LED-RESCUE-16f887_base"/>
      <sheetpath names="/" tstamps="/"/>
      <tstamp>549FB3DB</tstamp>
    </comp>
    <comp ref="D17">
      <value>LED</value>
      <libsource lib="16f887 base-rescue" part="LED-RESCUE-16f887_base"/>
      <sheetpath names="/" tstamps="/"/>
      <tstamp>549FB3DC</tstamp>
    </comp>
    <comp ref="P5">
      <value>CONN_10</value>
      <libsource lib="16f887 base-cache" part="CONN_10"/>
      <sheetpath names="/" tstamps="/"/>
      <tstamp>549FB3DF</tstamp>
    </comp>
    <comp ref="P7">
      <value>CONN_10</value>
      <libsource lib="16f887 base-cache" part="CONN_10"/>
      <sheetpath names="/" tstamps="/"/>
      <tstamp>549FB3E0</tstamp>
    </comp>
    <comp ref="P11">
      <value>CONN_10</value>
      <libsource lib="16f887 base-cache" part="CONN_10"/>
      <sheetpath names="/" tstamps="/"/>
      <tstamp>549FB3E1</tstamp>
    </comp>
    <comp ref="P9">
      <value>CONN_10</value>
      <libsource lib="16f887 base-cache" part="CONN_10"/>
      <sheetpath names="/" tstamps="/"/>
      <tstamp>549FB3E2</tstamp>
    </comp>
    <comp ref="SW2">
      <value>SW_PUSH</value>
      <libsource lib="16f887 base-cache" part="SW_PUSH"/>
      <sheetpath names="/" tstamps="/"/>
      <tstamp>549FB411</tstamp>
    </comp>
    <comp ref="LCD2">
      <value>LCD_2X16</value>
      <footprint>lcd_2x16_led_backlight-HY-1602F</footprint>
      <libsource lib="16f887 base-cache" part="LCD_2X16"/>
      <sheetpath names="/" tstamps="/"/>
      <tstamp>549FB418</tstamp>
    </comp>
    <comp ref="RV2">
      <value>10K</value>
      <libsource lib="16f887 base-rescue" part="POT-RESCUE-16f887_base"/>
      <sheetpath names="/" tstamps="/"/>
      <tstamp>549FB419</tstamp>
    </comp>
    <comp ref="U***2">
      <value>PIC16F877A</value>
      <libsource lib="16f887 base-cache" part="PIC16F877A"/>
      <sheetpath names="/" tstamps="/"/>
      <tstamp>549FB41D</tstamp>
    </comp>
    <comp ref="K2">
      <value>CONN_3</value>
      <libsource lib="16f887 base-cache" part="CONN_3"/>
      <sheetpath names="/" tstamps="/"/>
      <tstamp>549FB420</tstamp>
    </comp>
    <comp ref="P22">
      <value>CONN_8</value>
      <libsource lib="16f887 base-cache" part="CONN_8"/>
      <sheetpath names="/" tstamps="/"/>
      <tstamp>549FB421</tstamp>
    </comp>
    <comp ref="S4">
      <value>CHS-08A</value>
      <footprint>switch-copal-CHS-08A</footprint>
      <libsource lib="16f887 base-cache" part="CHS-08A"/>
      <sheetpath names="/" tstamps="/"/>
      <tstamp>549FB422</tstamp>
    </comp>
    <comp ref="R20">
      <value>1K</value>
      <libsource lib="16f887 base-rescue" part="R-RESCUE-16f887_base"/>
      <sheetpath names="/" tstamps="/"/>
      <tstamp>549FB425</tstamp>
    </comp>
    <comp ref="P24">
      <value>CONN_2X2</value>
      <libsource lib="16f887 base-cache" part="CONN_2X2"/>
      <sheetpath names="/" tstamps="/"/>
      <tstamp>549FB426</tstamp>
    </comp>
    <comp ref="SW4">
      <value>SW_PUSH</value>
      <libsource lib="16f887 base-cache" part="SW_PUSH"/>
      <sheetpath names="/" tstamps="/"/>
      <tstamp>549FB42C</tstamp>
    </comp>
    <comp ref="SW18">
      <value>SW_PUSH</value>
      <libsource lib="16f887 base-cache" part="SW_PUSH"/>
      <sheetpath names="/" tstamps="/"/>
      <tstamp>549FB433</tstamp>
    </comp>
    <comp ref="C10">
      <value>22P</value>
      <libsource lib="16f887 base-rescue" part="C-RESCUE-16f887_base"/>
      <sheetpath names="/" tstamps="/"/>
      <tstamp>549FB435</tstamp>
    </comp>
    <comp ref="C14">
      <value>22P</value>
      <libsource lib="16f887 base-rescue" part="C-RESCUE-16f887_base"/>
      <sheetpath names="/" tstamps="/"/>
      <tstamp>549FB436</tstamp>
    </comp>
    <comp ref="X4">
      <value>CRYSTAL</value>
      <libsource lib="16f887 base-cache" part="CRYSTAL"/>
      <sheetpath names="/" tstamps="/"/>
      <tstamp>549FB463</tstamp>
    </comp>
    <comp ref="Q2">
      <value>BC547</value>
      <footprint>TO92</footprint>
      <libsource lib="transistors" part="BC547"/>
      <sheetpath names="/" tstamps="/"/>
      <tstamp>54A03E81</tstamp>
    </comp>
    <comp ref="P10">
      <value>CONN_2X2</value>
      <libsource lib="16f887 base-cache" part="CONN_2X2"/>
      <sheetpath names="/" tstamps="/"/>
      <tstamp>54A04BAF</tstamp>
    </comp>
    <comp ref="P12">
      <value>CONN_6</value>
      <libsource lib="16f887 base-cache" part="CONN_6"/>
      <sheetpath names="/" tstamps="/"/>
      <tstamp>54A2192C</tstamp>
    </comp>
    <comp ref="J2">
      <value>Barrel_Jack</value>
      <libsource lib="conn" part="Barrel_Jack"/>
      <sheetpath names="/" tstamps="/"/>
      <tstamp>5B803DEF</tstamp>
    </comp>
    <comp ref="R4">
      <value>10K</value>
      <libsource lib="16f887 base-rescue" part="R-RESCUE-16f887_base"/>
      <sheetpath names="/Sheet549FBF1E/" tstamps="/549FBF1F/"/>
      <tstamp>549FC67F</tstamp>
    </comp>
    <comp ref="R2">
      <value>10K</value>
      <libsource lib="16f887 base-rescue" part="R-RESCUE-16f887_base"/>
      <sheetpath names="/Sheet549FBF1E/" tstamps="/549FBF1F/"/>
      <tstamp>549FC680</tstamp>
    </comp>
    <comp ref="P6">
      <value>CONN_2</value>
      <libsource lib="16f887 base-cache" part="CONN_2"/>
      <sheetpath names="/Sheet549FBF1E/" tstamps="/549FBF1F/"/>
      <tstamp>549FC682</tstamp>
    </comp>
    <comp ref="X1">
      <value>RTC</value>
      <libsource lib="16f887 base-cache" part="CRYSTAL"/>
      <sheetpath names="/Sheet549FBF1E/" tstamps="/549FBF1F/"/>
      <tstamp>549FC698</tstamp>
    </comp>
    <comp ref="RV5">
      <value>10K</value>
      <libsource lib="16f887 base-rescue" part="POT-RESCUE-16f887_base"/>
      <sheetpath names="/Sheet549FBF1E/" tstamps="/549FBF1F/"/>
      <tstamp>549FC699</tstamp>
    </comp>
    <comp ref="R11">
      <value>4.7K</value>
      <libsource lib="16f887 base-rescue" part="R-RESCUE-16f887_base"/>
      <sheetpath names="/Sheet549FBF1E/" tstamps="/549FBF1F/"/>
      <tstamp>549FC69A</tstamp>
    </comp>
    <comp ref="C18">
      <value>22P</value>
      <libsource lib="16f887 base-rescue" part="C-RESCUE-16f887_base"/>
      <sheetpath names="/Sheet549FBF1E/" tstamps="/549FBF1F/"/>
      <tstamp>549FC69B</tstamp>
    </comp>
    <comp ref="R9">
      <value>4.7K</value>
      <libsource lib="16f887 base-rescue" part="R-RESCUE-16f887_base"/>
      <sheetpath names="/Sheet549FBF1E/" tstamps="/549FBF1F/"/>
      <tstamp>549FC69E</tstamp>
    </comp>
    <comp ref="RV4">
      <value>10K</value>
      <libsource lib="16f887 base-rescue" part="POT-RESCUE-16f887_base"/>
      <sheetpath names="/Sheet549FBF1E/" tstamps="/549FBF1F/"/>
      <tstamp>549FC6A1</tstamp>
    </comp>
    <comp ref="R10">
      <value>4.7K</value>
      <libsource lib="16f887 base-rescue" part="R-RESCUE-16f887_base"/>
      <sheetpath names="/Sheet549FBF1E/" tstamps="/549FBF1F/"/>
      <tstamp>549FC6A2</tstamp>
    </comp>
    <comp ref="RV1">
      <value>10K</value>
      <libsource lib="16f887 base-rescue" part="POT-RESCUE-16f887_base"/>
      <sheetpath names="/Sheet549FBF1E/" tstamps="/549FBF1F/"/>
      <tstamp>549FC6A6</tstamp>
    </comp>
    <comp ref="U3">
      <value>24C16</value>
      <libsource lib="16f887 base-cache" part="24C16"/>
      <sheetpath names="/Sheet549FBF1E/" tstamps="/549FBF1F/"/>
      <tstamp>549FC6D6</tstamp>
    </comp>
    <comp ref="IC1">
      <value>DS1307</value>
      <footprint>dallas-SOIC-8</footprint>
      <libsource lib="16f887 base-cache" part="DS1307"/>
      <sheetpath names="/Sheet549FBF1E/" tstamps="/549FBF1F/"/>
      <tstamp>549FC6D9</tstamp>
    </comp>
    <comp ref="BT1">
      <value>BATTERY</value>
      <libsource lib="16f887 base-cache" part="BATTERY"/>
      <sheetpath names="/Sheet549FBF1E/" tstamps="/549FBF1F/"/>
      <tstamp>549FC6DB</tstamp>
    </comp>
    <comp ref="P2">
      <value>CONN_3X2</value>
      <libsource lib="16f887 base-cache" part="CONN_3X2"/>
      <sheetpath names="/Sheet549FBF1E/" tstamps="/549FBF1F/"/>
      <tstamp>549FC6DC</tstamp>
    </comp>
    <comp ref="R5">
      <value>10K</value>
      <libsource lib="16f887 base-rescue" part="R-RESCUE-16f887_base"/>
      <sheetpath names="/Sheet549FBF1E/" tstamps="/549FBF1F/"/>
      <tstamp>549FC6DD</tstamp>
    </comp>
    <comp ref="R6">
      <value>10K</value>
      <libsource lib="16f887 base-rescue" part="R-RESCUE-16f887_base"/>
      <sheetpath names="/Sheet549FBF1E/" tstamps="/549FBF1F/"/>
      <tstamp>549FC6DE</tstamp>
    </comp>
    <comp ref="RV3">
      <value>10K</value>
      <libsource lib="16f887 base-rescue" part="POT-RESCUE-16f887_base"/>
      <sheetpath names="/Sheet549FBF1E/" tstamps="/549FBF1F/"/>
      <tstamp>549FC6E7</tstamp>
    </comp>
    <comp ref="C13">
      <value>22P</value>
      <libsource lib="16f887 base-rescue" part="C-RESCUE-16f887_base"/>
      <sheetpath names="/Sheet549FBF1E/" tstamps="/549FBF1F/"/>
      <tstamp>549FC6E8</tstamp>
    </comp>
    <comp ref="C17">
      <value>22P</value>
      <libsource lib="16f887 base-rescue" part="C-RESCUE-16f887_base"/>
      <sheetpath names="/Sheet549FBF1E/" tstamps="/549FBF1F/"/>
      <tstamp>549FC6EB</tstamp>
    </comp>
    <comp ref="R8">
      <value>4.7K</value>
      <libsource lib="16f887 base-rescue" part="R-RESCUE-16f887_base"/>
      <sheetpath names="/Sheet549FBF1E/" tstamps="/549FBF1F/"/>
      <tstamp>549FC6EE</tstamp>
    </comp>
    <comp ref="C12">
      <value>22P</value>
      <libsource lib="16f887 base-rescue" part="C-RESCUE-16f887_base"/>
      <sheetpath names="/Sheet549FBF1E/" tstamps="/549FBF1F/"/>
      <tstamp>549FC6EF</tstamp>
    </comp>
    <comp ref="S1">
      <value>CHS-04A</value>
      <footprint>switch-copal-CHS-04A</footprint>
      <libsource lib="16f887 base-cache" part="CHS-04A"/>
      <sheetpath names="/Sheet549FBF1E/" tstamps="/549FBF1F/"/>
      <tstamp>549FC6F2</tstamp>
    </comp>
    <comp ref="P8">
      <value>CONN_4</value>
      <libsource lib="16f887 base-cache" part="CONN_4"/>
      <sheetpath names="/Sheet549FBF1E/" tstamps="/549FBF1F/"/>
      <tstamp>549FC6F3</tstamp>
    </comp>
    <comp ref="J1">
      <value>DB9</value>
      <libsource lib="16f887 base-cache" part="DB9"/>
      <sheetpath names="/Sheet549FBF1E/" tstamps="/549FBF1F/"/>
      <tstamp>549FE946</tstamp>
    </comp>
    <comp ref="U2">
      <value>MAX232</value>
      <libsource lib="16f887 base-rescue" part="MAX232-RESCUE-16f887_base"/>
      <sheetpath names="/Sheet549FBF1E/" tstamps="/549FBF1F/"/>
      <tstamp>549FE984</tstamp>
    </comp>
    <comp ref="C8">
      <value>22u/50V</value>
      <libsource lib="16f887 base-rescue" part="CP1-RESCUE-16f887_base"/>
      <sheetpath names="/Sheet549FBF1E/" tstamps="/549FBF1F/"/>
      <tstamp>549FFD19</tstamp>
    </comp>
    <comp ref="C6">
      <value>22u/50V</value>
      <libsource lib="16f887 base-rescue" part="CP1-RESCUE-16f887_base"/>
      <sheetpath names="/Sheet549FBF1E/" tstamps="/549FBF1F/"/>
      <tstamp>549FFF73</tstamp>
    </comp>
    <comp ref="C2">
      <value>22u/50V</value>
      <libsource lib="16f887 base-rescue" part="CP1-RESCUE-16f887_base"/>
      <sheetpath names="/Sheet549FBF1E/" tstamps="/549FBF1F/"/>
      <tstamp>54A00309</tstamp>
    </comp>
    <comp ref="C4">
      <value>22u/50V</value>
      <libsource lib="16f887 base-rescue" part="CP1-RESCUE-16f887_base"/>
      <sheetpath names="/Sheet549FBF1E/" tstamps="/549FBF1F/"/>
      <tstamp>54A00318</tstamp>
    </comp>
    <comp ref="P4">
      <value>CONN_2X2</value>
      <libsource lib="16f887 base-cache" part="CONN_2X2"/>
      <sheetpath names="/Sheet549FBF1E/" tstamps="/549FBF1F/"/>
      <tstamp>54A00523</tstamp>
    </comp>
    <comp ref="AFF1">
      <value>KW4-361</value>
      <libsource lib="16f887 base-cache" part="KW4-361"/>
      <sheetpath names="/Sheet549FBF1E/" tstamps="/549FBF1F/"/>
      <tstamp>54A01AA1</tstamp>
    </comp>
    <comp ref="R12">
      <value>1K</value>
      <libsource lib="16f887 base-rescue" part="R-RESCUE-16f887_base"/>
      <sheetpath names="/Sheet549FBF1E/" tstamps="/549FBF1F/"/>
      <tstamp>54A01ABF</tstamp>
    </comp>
    <comp ref="R14">
      <value>1K</value>
      <libsource lib="16f887 base-rescue" part="R-RESCUE-16f887_base"/>
      <sheetpath names="/Sheet549FBF1E/" tstamps="/549FBF1F/"/>
      <tstamp>54A01AE4</tstamp>
    </comp>
    <comp ref="R15">
      <value>1K</value>
      <libsource lib="16f887 base-rescue" part="R-RESCUE-16f887_base"/>
      <sheetpath names="/Sheet549FBF1E/" tstamps="/549FBF1F/"/>
      <tstamp>54A01AF3</tstamp>
    </comp>
    <comp ref="R16">
      <value>1K</value>
      <libsource lib="16f887 base-rescue" part="R-RESCUE-16f887_base"/>
      <sheetpath names="/Sheet549FBF1E/" tstamps="/549FBF1F/"/>
      <tstamp>54A01B02</tstamp>
    </comp>
    <comp ref="R17">
      <value>1K</value>
      <libsource lib="16f887 base-rescue" part="R-RESCUE-16f887_base"/>
      <sheetpath names="/Sheet549FBF1E/" tstamps="/549FBF1F/"/>
      <tstamp>54A01B11</tstamp>
    </comp>
    <comp ref="R18">
      <value>1K</value>
      <libsource lib="16f887 base-rescue" part="R-RESCUE-16f887_base"/>
      <sheetpath names="/Sheet549FBF1E/" tstamps="/549FBF1F/"/>
      <tstamp>54A01B20</tstamp>
    </comp>
    <comp ref="R19">
      <value>1K</value>
      <libsource lib="16f887 base-rescue" part="R-RESCUE-16f887_base"/>
      <sheetpath names="/Sheet549FBF1E/" tstamps="/549FBF1F/"/>
      <tstamp>54A01B2F</tstamp>
    </comp>
    <comp ref="R22">
      <value>1K</value>
      <libsource lib="16f887 base-rescue" part="R-RESCUE-16f887_base"/>
      <sheetpath names="/Sheet549FBF1E/" tstamps="/549FBF1F/"/>
      <tstamp>54A01BDB</tstamp>
    </comp>
    <comp ref="Q1">
      <value>BC547</value>
      <footprint>TO92</footprint>
      <libsource lib="transistors" part="BC547"/>
      <sheetpath names="/Sheet549FBF1E/" tstamps="/549FBF1F/"/>
      <tstamp>54A02F01</tstamp>
    </comp>
    <comp ref="Q3">
      <value>BC547</value>
      <footprint>TO92</footprint>
      <libsource lib="transistors" part="BC547"/>
      <sheetpath names="/Sheet549FBF1E/" tstamps="/549FBF1F/"/>
      <tstamp>54A02F10</tstamp>
    </comp>
    <comp ref="Q4">
      <value>BC547</value>
      <footprint>TO92</footprint>
      <libsource lib="transistors" part="BC547"/>
      <sheetpath names="/Sheet549FBF1E/" tstamps="/549FBF1F/"/>
      <tstamp>54A02F1F</tstamp>
    </comp>
    <comp ref="Q5">
      <value>BC547</value>
      <footprint>TO92</footprint>
      <libsource lib="transistors" part="BC547"/>
      <sheetpath names="/Sheet549FBF1E/" tstamps="/549FBF1F/"/>
      <tstamp>54A02F2E</tstamp>
    </comp>
    <comp ref="R24">
      <value>1K</value>
      <libsource lib="16f887 base-rescue" part="R-RESCUE-16f887_base"/>
      <sheetpath names="/Sheet549FBF1E/" tstamps="/549FBF1F/"/>
      <tstamp>54A034A5</tstamp>
    </comp>
    <comp ref="R26">
      <value>1K</value>
      <libsource lib="16f887 base-rescue" part="R-RESCUE-16f887_base"/>
      <sheetpath names="/Sheet549FBF1E/" tstamps="/549FBF1F/"/>
      <tstamp>54A034BB</tstamp>
    </comp>
    <comp ref="R28">
      <value>1K</value>
      <libsource lib="16f887 base-rescue" part="R-RESCUE-16f887_base"/>
      <sheetpath names="/Sheet549FBF1E/" tstamps="/549FBF1F/"/>
      <tstamp>54A034D1</tstamp>
    </comp>
    <comp ref="R30">
      <value>1K</value>
      <libsource lib="16f887 base-rescue" part="R-RESCUE-16f887_base"/>
      <sheetpath names="/Sheet549FBF1E/" tstamps="/549FBF1F/"/>
      <tstamp>54A034E7</tstamp>
    </comp>
    <comp ref="S2">
      <value>CHS-04A</value>
      <footprint>switch-copal-CHS-04A</footprint>
      <libsource lib="16f887 base-cache" part="CHS-04A"/>
      <sheetpath names="/Sheet549FBF1E/" tstamps="/549FBF1F/"/>
      <tstamp>54A037ED</tstamp>
    </comp>
  </components>
  <libparts>
    <libpart lib="16f887 base-cache" part="1N4007">
      <footprints>
        <fp>DO7-5</fp>
        <fp>DO7</fp>
      </footprints>
      <fields>
        <field name="Reference">D</field>
        <field name="Value">1N4007</field>
        <field name="Footprint">DO7</field>
      </fields>
      <pins>
        <pin num="1" name="A" type="passive"/>
        <pin num="2" name="C" type="passive"/>
      </pins>
    </libpart>
    <libpart lib="16f887 base-cache" part="24C16">
      <aliases>
        <alias>24C512</alias>
      </aliases>
      <fields>
        <field name="Reference">U</field>
        <field name="Value">24C16</field>
      </fields>
      <pins>
        <pin num="1" name="A0" type="input"/>
        <pin num="2" name="A1" type="input"/>
        <pin num="3" name="A2" type="input"/>
        <pin num="4" name="GND" type="power_in"/>
        <pin num="5" name="SDA" type="BiDi"/>
        <pin num="6" name="SCL" type="input"/>
        <pin num="7" name="WP" type="input"/>
        <pin num="8" name="VCC" type="power_in"/>
      </pins>
    </libpart>
    <libpart lib="16f887 base-cache" part="BATTERY">
      <fields>
        <field name="Reference">BT</field>
        <field name="Value">BATTERY</field>
      </fields>
      <pins>
        <pin num="1" name="+" type="passive"/>
        <pin num="2" name="-" type="passive"/>
      </pins>
    </libpart>
    <libpart lib="transistors" part="BC547">
      <aliases>
        <alias>BC546</alias>
        <alias>BC548</alias>
        <alias>BC549</alias>
        <alias>BC550</alias>
        <alias>BC337</alias>
        <alias>BC338</alias>
      </aliases>
      <description>45V Vce, 0.1A Ic, NPN, Small Signal Transistor, TO-92</description>
      <docs>http://www.fairchildsemi.com/ds/BC/BC547.pdf</docs>
      <footprints>
        <fp>TO?92*</fp>
      </footprints>
      <fields>
        <field name="Reference">Q</field>
        <field name="Value">BC547</field>
        <field name="Footprint">TO_SOT_Packages_THT:TO-92_Molded_Narrow</field>
      </fields>
      <pins>
        <pin num="1" name="C" type="passive"/>
        <pin num="2" name="B" type="input"/>
        <pin num="3" name="E" type="passive"/>
      </pins>
    </libpart>
    <libpart lib="conn" part="Barrel_Jack">
      <aliases>
        <alias>Jack-DC</alias>
      </aliases>
      <description>DC Barrel Jack</description>
      <docs>~</docs>
      <fields>
        <field name="Reference">J</field>
        <field name="Value">Barrel_Jack</field>
      </fields>
      <pins>
        <pin num="1" name="~" type="passive"/>
        <pin num="2" name="~" type="passive"/>
        <pin num="3" name="~" type="passive"/>
      </pins>
    </libpart>
    <libpart lib="16f887 base-rescue" part="C-RESCUE-16f887_base">
      <footprints>
        <fp>SM*</fp>
        <fp>C?</fp>
        <fp>C1-1</fp>
      </footprints>
      <fields>
        <field name="Reference">C</field>
        <field name="Value">C-RESCUE-16f887_base</field>
      </fields>
      <pins>
        <pin num="1" name="~" type="passive"/>
        <pin num="2" name="~" type="passive"/>
      </pins>
    </libpart>
    <libpart lib="16f887 base-cache" part="CHS-04A">
      <fields>
        <field name="Reference">S</field>
        <field name="Value">CHS-04A</field>
        <field name="Footprint">switch-copal-CHS-04A</field>
      </fields>
      <pins>
        <pin num="1" name="1" type="passive"/>
        <pin num="2" name="2" type="passive"/>
        <pin num="3" name="3" type="passive"/>
        <pin num="4" name="4" type="passive"/>
        <pin num="5" name="5" type="passive"/>
        <pin num="6" name="6" type="passive"/>
        <pin num="7" name="7" type="passive"/>
        <pin num="8" name="8" type="passive"/>
      </pins>
    </libpart>
    <libpart lib="16f887 base-cache" part="CHS-08A">
      <fields>
        <field name="Reference">S</field>
        <field name="Value">CHS-08A</field>
        <field name="Footprint">switch-copal-CHS-08A</field>
      </fields>
      <pins>
        <pin num="1" name="1" type="passive"/>
        <pin num="2" name="2" type="passive"/>
        <pin num="3" name="3" type="passive"/>
        <pin num="4" name="4" type="passive"/>
        <pin num="5" name="5" type="passive"/>
        <pin num="6" name="6" type="passive"/>
        <pin num="7" name="7" type="passive"/>
        <pin num="8" name="8" type="passive"/>
        <pin num="9" name="9" type="passive"/>
        <pin num="10" name="10" type="passive"/>
        <pin num="11" name="11" type="passive"/>
        <pin num="12" name="12" type="passive"/>
        <pin num="13" name="13" type="passive"/>
        <pin num="14" name="14" type="passive"/>
        <pin num="15" name="15" type="passive"/>
        <pin num="16" name="16" type="passive"/>
      </pins>
    </libpart>
    <libpart lib="16f887 base-cache" part="CONN_10">
      <fields>
        <field name="Reference">P</field>
        <field name="Value">CONN_10</field>
      </fields>
      <pins>
        <pin num="1" name="P1" type="passive"/>
        <pin num="2" name="P2" type="passive"/>
        <pin num="3" name="P3" type="passive"/>
        <pin num="4" name="P4" type="passive"/>
        <pin num="5" name="P5" type="passive"/>
        <pin num="6" name="P6" type="passive"/>
        <pin num="7" name="P7" type="passive"/>
        <pin num="8" name="P8" type="passive"/>
        <pin num="9" name="P9" type="passive"/>
        <pin num="10" name="P10" type="passive"/>
      </pins>
    </libpart>
    <libpart lib="16f887 base-cache" part="CONN_2">
      <fields>
        <field name="Reference">P</field>
        <field name="Value">CONN_2</field>
      </fields>
      <pins>
        <pin num="1" name="P1" type="passive"/>
        <pin num="2" name="PM" type="passive"/>
      </pins>
    </libpart>
    <libpart lib="16f887 base-cache" part="CONN_2X2">
      <fields>
        <field name="Reference">P</field>
        <field name="Value">CONN_2X2</field>
      </fields>
      <pins>
        <pin num="1" name="1" type="passive"/>
        <pin num="2" name="2" type="passive"/>
        <pin num="3" name="3" type="passive"/>
        <pin num="4" name="4" type="passive"/>
      </pins>
    </libpart>
    <libpart lib="16f887 base-cache" part="CONN_3">
      <fields>
        <field name="Reference">K</field>
        <field name="Value">CONN_3</field>
      </fields>
      <pins>
        <pin num="1" name="P1" type="passive"/>
        <pin num="2" name="PM" type="passive"/>
        <pin num="3" name="P3" type="passive"/>
      </pins>
    </libpart>
    <libpart lib="16f887 base-cache" part="CONN_3X2">
      <fields>
        <field name="Reference">P</field>
        <field name="Value">CONN_3X2</field>
      </fields>
      <pins>
        <pin num="1" name="1" type="passive"/>
        <pin num="2" name="2" type="passive"/>
        <pin num="3" name="3" type="passive"/>
        <pin num="4" name="4" type="passive"/>
        <pin num="5" name="5" type="passive"/>
        <pin num="6" name="6" type="passive"/>
      </pins>
    </libpart>
    <libpart lib="16f887 base-cache" part="CONN_4">
      <fields>
        <field name="Reference">P</field>
        <field name="Value">CONN_4</field>
      </fields>
      <pins>
        <pin num="1" name="P1" type="passive"/>
        <pin num="2" name="P2" type="passive"/>
        <pin num="3" name="P3" type="passive"/>
        <pin num="4" name="P4" type="passive"/>
      </pins>
    </libpart>
    <libpart lib="16f887 base-cache" part="CONN_6">
      <fields>
        <field name="Reference">P</field>
        <field name="Value">CONN_6</field>
      </fields>
      <pins>
        <pin num="1" name="1" type="passive"/>
        <pin num="2" name="2" type="passive"/>
        <pin num="3" name="3" type="passive"/>
        <pin num="4" name="4" type="passive"/>
        <pin num="5" name="5" type="passive"/>
        <pin num="6" name="6" type="passive"/>
      </pins>
    </libpart>
    <libpart lib="16f887 base-cache" part="CONN_8">
      <fields>
        <field name="Reference">P</field>
        <field name="Value">CONN_8</field>
      </fields>
      <pins>
        <pin num="1" name="P1" type="passive"/>
        <pin num="2" name="P2" type="passive"/>
        <pin num="3" name="P3" type="passive"/>
        <pin num="4" name="P4" type="passive"/>
        <pin num="5" name="P5" type="passive"/>
        <pin num="6" name="P6" type="passive"/>
        <pin num="7" name="P7" type="passive"/>
        <pin num="8" name="P8" type="passive"/>
      </pins>
    </libpart>
    <libpart lib="16f887 base-rescue" part="CP1-RESCUE-16f887_base">
      <footprints>
        <fp>CP*</fp>
        <fp>SM*</fp>
      </footprints>
      <fields>
        <field name="Reference">C</field>
        <field name="Value">CP1-RESCUE-16f887_base</field>
      </fields>
      <pins>
        <pin num="1" name="~" type="passive"/>
        <pin num="2" name="~" type="passive"/>
      </pins>
    </libpart>
    <libpart lib="16f887 base-cache" part="CRYSTAL">
      <fields>
        <field name="Reference">X</field>
        <field name="Value">CRYSTAL</field>
      </fields>
      <pins>
        <pin num="1" name="1" type="passive"/>
        <pin num="2" name="2" type="passive"/>
      </pins>
    </libpart>
    <libpart lib="16f887 base-cache" part="DB9">
      <footprints>
        <fp>DB9*</fp>
      </footprints>
      <fields>
        <field name="Reference">J</field>
        <field name="Value">DB9</field>
      </fields>
      <pins>
        <pin num="1" name="1" type="passive"/>
        <pin num="2" name="2" type="passive"/>
        <pin num="3" name="3" type="passive"/>
        <pin num="4" name="4" type="passive"/>
        <pin num="5" name="5" type="passive"/>
        <pin num="6" name="P6" type="passive"/>
        <pin num="7" name="P7" type="passive"/>
        <pin num="8" name="P8" type="passive"/>
        <pin num="9" name="P9" type="passive"/>
      </pins>
    </libpart>
    <libpart lib="16f887 base-cache" part="DS1307">
      <fields>
        <field name="Reference">IC</field>
        <field name="Value">DS1307</field>
        <field name="Footprint">dallas-SOIC-8</field>
      </fields>
      <pins>
        <pin num="1" name="X1" type="input"/>
        <pin num="2" name="X2" type="output"/>
        <pin num="3" name="VBAT" type="power_in"/>
        <pin num="4" name="GND" type="power_in"/>
        <pin num="5" name="SDA" type="BiDi"/>
        <pin num="6" name="SCL" type="input"/>
        <pin num="7" name="SQW/OUT" type="output"/>
        <pin num="8" name="VCC" type="power_in"/>
      </pins>
    </libpart>
    <libpart lib="16f887 base-cache" part="KW4-361">
      <fields>
        <field name="Reference">AFF</field>
        <field name="Value">KW4-361</field>
      </fields>
      <pins>
        <pin num="1" name="e" type="input"/>
        <pin num="2" name="d" type="input"/>
        <pin num="3" name="DP" type="input"/>
        <pin num="4" name="c" type="input"/>
        <pin num="5" name="g" type="input"/>
        <pin num="6" name="DIG4" type="input"/>
        <pin num="7" name="b" type="input"/>
        <pin num="8" name="DIG3" type="input"/>
        <pin num="9" name="DIG2" type="input"/>
        <pin num="10" name="f" type="input"/>
        <pin num="11" name="a" type="input"/>
        <pin num="12" name="DIG1" type="input"/>
      </pins>
    </libpart>
    <libpart lib="16f887 base-cache" part="LCD_2X16">
      <fields>
        <field name="Reference">LCD</field>
        <field name="Value">LCD_2X16</field>
        <field name="Footprint">lcd_2x16_led_backlight-HY-1602F</field>
      </fields>
      <pins>
        <pin num="1" name="VSS" type="power_in"/>
        <pin num="2" name="VCC" type="power_in"/>
        <pin num="3" name="VO" type="input"/>
        <pin num="4" name="RS" type="input"/>
        <pin num="5" name="R/W" type="input"/>
        <pin num="6" name="E" type="input"/>
        <pin num="7" name="DB0" type="BiDi"/>
        <pin num="8" name="DB1" type="BiDi"/>
        <pin num="9" name="DB2" type="BiDi"/>
        <pin num="10" name="DB3" type="BiDi"/>
        <pin num="11" name="DB4" type="BiDi"/>
        <pin num="12" name="DB5" type="BiDi"/>
        <pin num="13" name="DB6" type="BiDi"/>
        <pin num="14" name="DB7" type="BiDi"/>
        <pin num="15" name="LEDA" type="passive"/>
        <pin num="16" name="LEDK" type="passive"/>
      </pins>
    </libpart>
    <libpart lib="16f887 base-rescue" part="LED-RESCUE-16f887_base">
      <footprints>
        <fp>LED-3MM</fp>
        <fp>LED-5MM</fp>
        <fp>LED-10MM</fp>
        <fp>LED-0603</fp>
        <fp>LED-0805</fp>
        <fp>LED-1206</fp>
        <fp>LEDV</fp>
      </footprints>
      <fields>
        <field name="Reference">D</field>
        <field name="Value">LED-RESCUE-16f887_base</field>
      </fields>
      <pins>
        <pin num="1" name="A" type="passive"/>
        <pin num="2" name="K" type="passive"/>
      </pins>
    </libpart>
    <libpart lib="16f887 base-cache" part="LM1084IT-3.3/NOPB">
      <aliases>
        <alias>LM1084IT-5.0/NOPB</alias>
      </aliases>
      <footprints>
        <fp>TO*</fp>
      </footprints>
      <fields>
        <field name="Reference">U</field>
        <field name="Value">LM1084IT-3.3/NOPB</field>
        <field name="Footprint">TO-220</field>
      </fields>
      <pins>
        <pin num="1" name="GND" type="power_in"/>
        <pin num="2" name="OUT" type="power_out"/>
        <pin num="3" name="IN" type="input"/>
      </pins>
    </libpart>
    <libpart lib="16f887 base-cache" part="LM7805CT">
      <aliases>
        <alias>LM7806CT</alias>
        <alias>LM7808CT</alias>
        <alias>LM7809CT</alias>
        <alias>LM7810CT</alias>
        <alias>LM7812CT</alias>
        <alias>LM7815CT</alias>
        <alias>LM7818CT</alias>
        <alias>LM7824CT</alias>
        <alias>LM7806ACT</alias>
        <alias>LM7808ACT</alias>
        <alias>LM7809ACT</alias>
        <alias>LM7810ACT</alias>
        <alias>LM7812ACT</alias>
        <alias>LM7815ACT</alias>
        <alias>LM7818ACT</alias>
        <alias>LM7824ACT</alias>
      </aliases>
      <footprints>
        <fp>TO*</fp>
      </footprints>
      <fields>
        <field name="Reference">U</field>
        <field name="Value">LM7805CT</field>
        <field name="Footprint">TO-220</field>
      </fields>
      <pins>
        <pin num="1" name="IN" type="input"/>
        <pin num="2" name="GND" type="power_in"/>
        <pin num="3" name="OUT" type="power_out"/>
      </pins>
    </libpart>
    <libpart lib="16f887 base-rescue" part="MAX232-RESCUE-16f887_base">
      <fields>
        <field name="Reference">U</field>
        <field name="Value">MAX232-RESCUE-16f887_base</field>
      </fields>
      <pins>
        <pin num="1" name="C1+" type="input"/>
        <pin num="2" name="V+" type="power_out"/>
        <pin num="3" name="C1-" type="input"/>
        <pin num="4" name="C2+" type="input"/>
        <pin num="5" name="C2-" type="input"/>
        <pin num="6" name="V-" type="power_out"/>
        <pin num="7" name="T2OUT" type="output"/>
        <pin num="8" name="R2IN" type="input"/>
        <pin num="9" name="R2OUT" type="output"/>
        <pin num="10" name="T2IN" type="input"/>
        <pin num="11" name="T1IN" type="input"/>
        <pin num="12" name="R1OUT" type="output"/>
        <pin num="13" name="R1IN" type="input"/>
        <pin num="14" name="T1OUT" type="output"/>
        <pin num="15" name="GND" type="power_in"/>
        <pin num="16" name="VCC" type="power_in"/>
      </pins>
    </libpart>
    <libpart lib="16f887 base-cache" part="PIC16F877">
      <aliases>
        <alias>PIC16F77</alias>
        <alias>PIC16F871</alias>
        <alias>PIC18F452</alias>
        <alias>PIC18F442</alias>
        <alias>PIC16F874A</alias>
        <alias>PIC16F874</alias>
        <alias>PIC16F877A</alias>
        <alias>PIC16LF877</alias>
      </aliases>
      <fields>
        <field name="Reference">U***</field>
        <field name="Value">PIC16F877</field>
      </fields>
      <pins>
        <pin num="1" name="-MCLR/VPP" type="input"/>
        <pin num="2" name="RA0/AN0" type="BiDi"/>
        <pin num="3" name="RA1/AN1" type="BiDi"/>
        <pin num="4" name="RA2/AN2/Vref-/CVref" type="BiDi"/>
        <pin num="5" name="RA3/AN3/Vref+" type="BiDi"/>
        <pin num="6" name="RA4/TOCKI/C1OUT" type="BiDi"/>
        <pin num="7" name="RA5/ANA4/-SS/C2OUT" type="BiDi"/>
        <pin num="8" name="RE0/RD/AN5" type="BiDi"/>
        <pin num="9" name="RE1/WR/AN6" type="BiDi"/>
        <pin num="10" name="RE2/CS/AN7" type="BiDi"/>
        <pin num="11" name="VDD" type="power_in"/>
        <pin num="12" name="VSS" type="power_in"/>
        <pin num="13" name="OSC1/CLKIN" type="input"/>
        <pin num="14" name="OSC2/CLKOUT" type="output"/>
        <pin num="15" name="RCD/T10S0/T1CKI" type="BiDi"/>
        <pin num="16" name="RC1/T1OSI/CCP2" type="BiDi"/>
        <pin num="17" name="RC2/CCP1" type="BiDi"/>
        <pin num="18" name="RC3/SCK/SCL" type="BiDi"/>
        <pin num="19" name="RD0/PSP0" type="BiDi"/>
        <pin num="20" name="RD1/PSP1" type="BiDi"/>
        <pin num="21" name="RD2/PSP2" type="BiDi"/>
        <pin num="22" name="RD3/PSP3" type="BiDi"/>
        <pin num="23" name="RC4/SDI/SDA" type="BiDi"/>
        <pin num="24" name="RC5/SDO" type="BiDi"/>
        <pin num="25" name="RC6/TX/CK" type="BiDi"/>
        <pin num="26" name="RC7/RX/DT" type="BiDi"/>
        <pin num="27" name="RD4/PSP4" type="BiDi"/>
        <pin num="28" name="RD5/PSP5" type="BiDi"/>
        <pin num="29" name="RD6/PSP6" type="BiDi"/>
        <pin num="30" name="RD7/PSP7" type="BiDi"/>
        <pin num="31" name="VSS" type="power_in"/>
        <pin num="32" name="VDD" type="power_in"/>
        <pin num="33" name="RB0/INT" type="BiDi"/>
        <pin num="34" name="RB1" type="BiDi"/>
        <pin num="35" name="RB2" type="BiDi"/>
        <pin num="36" name="RB3/PGM" type="BiDi"/>
        <pin num="37" name="RB4" type="BiDi"/>
        <pin num="38" name="RB5" type="BiDi"/>
        <pin num="39" name="RB6/PGC" type="BiDi"/>
        <pin num="40" name="RB7/PGD" type="BiDi"/>
      </pins>
    </libpart>
    <libpart lib="16f887 base-rescue" part="POT-RESCUE-16f887_base">
      <fields>
        <field name="Reference">RV</field>
        <field name="Value">POT-RESCUE-16f887_base</field>
      </fields>
      <pins>
        <pin num="1" name="1" type="passive"/>
        <pin num="2" name="2" type="passive"/>
        <pin num="3" name="3" type="passive"/>
      </pins>
    </libpart>
    <libpart lib="16f887 base-rescue" part="R-RESCUE-16f887_base">
      <footprints>
        <fp>R?</fp>
        <fp>SM0603</fp>
        <fp>SM0805</fp>
        <fp>R?-*</fp>
        <fp>SM1206</fp>
      </footprints>
      <fields>
        <field name="Reference">R</field>
        <field name="Value">R-RESCUE-16f887_base</field>
      </fields>
      <pins>
        <pin num="1" name="~" type="passive"/>
        <pin num="2" name="~" type="passive"/>
      </pins>
    </libpart>
    <libpart lib="16f887 base-cache" part="SPEAKER">
      <fields>
        <field name="Reference">SP</field>
        <field name="Value">SPEAKER</field>
      </fields>
      <pins>
        <pin num="1" name="1" type="input"/>
        <pin num="2" name="2" type="input"/>
      </pins>
    </libpart>
    <libpart lib="16f887 base-cache" part="SW_PUSH">
      <fields>
        <field name="Reference">SW</field>
        <field name="Value">SW_PUSH</field>
      </fields>
      <pins>
        <pin num="1" name="1" type="passive"/>
        <pin num="2" name="2" type="passive"/>
      </pins>
    </libpart>
  </libparts>
  <libraries>
    <library logical="16f887 base-rescue">
      <uri>D:\KiCAD Projects\PIC16f887 Basic Board\16f887 base-rescue.lib</uri>
    </library>
    <library logical="transistors">
      <uri>C:\Program Files\KiCad\share\kicad\library\transistors.lib</uri>
    </library>
    <library logical="conn">
      <uri>C:\Program Files\KiCad\share\kicad\library\conn.lib</uri>
    </library>
    <library logical="16f887 base-cache">
      <uri>D:\KiCAD Projects\PIC16f887 Basic Board\16f887 base-cache.lib</uri>
    </library>
  </libraries>
  <nets>
    <net code="1" name="Net-(J2-Pad3)">
      <node ref="J2" pin="3"/>
    </net>
    <net code="2" name="Net-(D3-Pad1)">
      <node ref="D3" pin="1"/>
      <node ref="R3" pin="2"/>
    </net>
    <net code="3" name="Net-(Q2-Pad1)">
      <node ref="Q2" pin="1"/>
      <node ref="SP1" pin="2"/>
    </net>
    <net code="4" name="Net-(Q2-Pad2)">
      <node ref="Q2" pin="2"/>
      <node ref="R20" pin="2"/>
    </net>
    <net code="5" name="Net-(P10-Pad3)">
      <node ref="P10" pin="3"/>
    </net>
    <net code="6" name="Net-(P12-Pad6)">
      <node ref="P12" pin="6"/>
    </net>
    <net code="7" name="RESET">
      <node ref="P12" pin="1"/>
      <node ref="P5" pin="1"/>
      <node ref="R1" pin="2"/>
      <node ref="SW2" pin="2"/>
      <node ref="U***2" pin="1"/>
    </net>
    <net code="8" name="VDD">
      <node ref="R4" pin="1"/>
      <node ref="R2" pin="1"/>
      <node ref="U2" pin="16"/>
      <node ref="RV1" pin="3"/>
      <node ref="RV4" pin="3"/>
      <node ref="IC1" pin="8"/>
      <node ref="RV3" pin="3"/>
      <node ref="R5" pin="1"/>
      <node ref="R6" pin="1"/>
      <node ref="RV5" pin="3"/>
      <node ref="U3" pin="8"/>
      <node ref="U1" pin="3"/>
      <node ref="P1" pin="4"/>
      <node ref="P1" pin="2"/>
      <node ref="S4" pin="8"/>
      <node ref="U***2" pin="32"/>
      <node ref="R1" pin="1"/>
      <node ref="P7" pin="1"/>
      <node ref="P9" pin="9"/>
      <node ref="U***2" pin="11"/>
      <node ref="SP1" pin="1"/>
      <node ref="P12" pin="2"/>
      <node ref="C7" pin="1"/>
      <node ref="R3" pin="1"/>
      <node ref="C5" pin="1"/>
    </net>
    <net code="9" name="VSS">
      <node ref="U5" pin="1"/>
      <node ref="D3" pin="2"/>
      <node ref="U***2" pin="12"/>
      <node ref="U***2" pin="31"/>
      <node ref="Q5" pin="3"/>
      <node ref="U1" pin="2"/>
      <node ref="RV2" pin="1"/>
      <node ref="LCD2" pin="16"/>
      <node ref="SW15" pin="1"/>
      <node ref="SW13" pin="1"/>
      <node ref="LCD2" pin="1"/>
      <node ref="P7" pin="2"/>
      <node ref="P9" pin="10"/>
      <node ref="SW2" pin="1"/>
      <node ref="C11" pin="2"/>
      <node ref="SW5" pin="1"/>
      <node ref="SW7" pin="1"/>
      <node ref="SW9" pin="1"/>
      <node ref="SW11" pin="1"/>
      <node ref="C3" pin="2"/>
      <node ref="C7" pin="2"/>
      <node ref="C1" pin="2"/>
      <node ref="P3" pin="3"/>
      <node ref="C5" pin="2"/>
      <node ref="C15" pin="2"/>
      <node ref="P1" pin="1"/>
      <node ref="P1" pin="3"/>
      <node ref="P3" pin="1"/>
      <node ref="IC1" pin="4"/>
      <node ref="C6" pin="1"/>
      <node ref="C8" pin="2"/>
      <node ref="U3" pin="3"/>
      <node ref="J2" pin="2"/>
      <node ref="C12" pin="2"/>
      <node ref="P10" pin="2"/>
      <node ref="P10" pin="4"/>
      <node ref="RV4" pin="1"/>
      <node ref="C17" pin="2"/>
      <node ref="P12" pin="3"/>
      <node ref="J1" pin="5"/>
      <node ref="RV1" pin="1"/>
      <node ref="C18" pin="2"/>
      <node ref="Q2" pin="3"/>
      <node ref="RV5" pin="1"/>
      <node ref="RV3" pin="1"/>
      <node ref="C13" pin="2"/>
      <node ref="U3" pin="4"/>
      <node ref="U3" pin="1"/>
      <node ref="U3" pin="2"/>
      <node ref="C10" pin="2"/>
      <node ref="U2" pin="15"/>
      <node ref="SW18" pin="1"/>
      <node ref="SW4" pin="1"/>
      <node ref="BT1" pin="2"/>
      <node ref="C14" pin="2"/>
      <node ref="Q1" pin="3"/>
      <node ref="Q3" pin="3"/>
      <node ref="Q4" pin="3"/>
    </net>
    <net code="10" name="RB7">
      <node ref="SW4" pin="2"/>
      <node ref="P12" pin="4"/>
      <node ref="P9" pin="1"/>
      <node ref="U***2" pin="40"/>
    </net>
    <net code="11" name="RB6">
      <node ref="SW5" pin="2"/>
      <node ref="P9" pin="2"/>
      <node ref="P12" pin="5"/>
      <node ref="U***2" pin="39"/>
    </net>
    <net code="12" name="Net-(D1-Pad1)">
      <node ref="J2" pin="1"/>
      <node ref="D1" pin="1"/>
    </net>
    <net code="13" name="+3.3V">
      <node ref="U5" pin="2"/>
      <node ref="C15" pin="1"/>
      <node ref="C11" pin="1"/>
      <node ref="P3" pin="2"/>
      <node ref="P3" pin="4"/>
    </net>
    <net code="14" name="Net-(LCD2-Pad3)">
      <node ref="RV2" pin="2"/>
      <node ref="LCD2" pin="3"/>
    </net>
    <net code="15" name="+9V">
      <node ref="C1" pin="1"/>
      <node ref="C3" pin="1"/>
      <node ref="U5" pin="3"/>
      <node ref="D1" pin="2"/>
      <node ref="U1" pin="1"/>
    </net>
    <net code="16" name="RD7">
      <node ref="U***2" pin="30"/>
      <node ref="R12" pin="1"/>
      <node ref="P11" pin="1"/>
      <node ref="R21" pin="1"/>
    </net>
    <net code="17" name="RB4">
      <node ref="U***2" pin="37"/>
      <node ref="P9" pin="4"/>
      <node ref="SW9" pin="2"/>
    </net>
    <net code="18" name="Net-(P24-Pad2)">
      <node ref="P24" pin="2"/>
      <node ref="R20" pin="1"/>
      <node ref="P24" pin="4"/>
    </net>
    <net code="19" name="Net-(P24-Pad3)">
      <node ref="P24" pin="3"/>
    </net>
    <net code="20" name="RB5">
      <node ref="U***2" pin="38"/>
      <node ref="SW7" pin="2"/>
      <node ref="P9" pin="3"/>
    </net>
    <net code="21" name="RB3">
      <node ref="U***2" pin="36"/>
      <node ref="S2" pin="5"/>
      <node ref="P9" pin="5"/>
      <node ref="SW11" pin="2"/>
    </net>
    <net code="22" name="RB2">
      <node ref="P9" pin="6"/>
      <node ref="SW13" pin="2"/>
      <node ref="S2" pin="6"/>
      <node ref="U***2" pin="35"/>
    </net>
    <net code="23" name="RB1">
      <node ref="U***2" pin="34"/>
      <node ref="SW15" pin="2"/>
      <node ref="S2" pin="7"/>
      <node ref="P9" pin="7"/>
    </net>
    <net code="24" name="RB0">
      <node ref="S2" pin="8"/>
      <node ref="U***2" pin="33"/>
      <node ref="SW18" pin="2"/>
      <node ref="P9" pin="8"/>
    </net>
    <net code="25" name="OSC1">
      <node ref="P7" pin="3"/>
      <node ref="U***2" pin="13"/>
      <node ref="P13" pin="2"/>
    </net>
    <net code="26" name="OSC2">
      <node ref="U***2" pin="14"/>
      <node ref="P13" pin="4"/>
      <node ref="P7" pin="4"/>
    </net>
    <net code="27" name="RC2">
      <node ref="P24" pin="1"/>
      <node ref="U***2" pin="17"/>
      <node ref="P7" pin="7"/>
    </net>
    <net code="28" name="RD2">
      <node ref="R18" pin="1"/>
      <node ref="S4" pin="2"/>
      <node ref="P11" pin="10"/>
      <node ref="U***2" pin="21"/>
      <node ref="R31" pin="1"/>
    </net>
    <net code="29" name="RD3">
      <node ref="U***2" pin="22"/>
      <node ref="P11" pin="9"/>
      <node ref="R29" pin="1"/>
      <node ref="R17" pin="1"/>
      <node ref="S4" pin="1"/>
    </net>
    <net code="30" name="RD4">
      <node ref="P11" pin="4"/>
      <node ref="U***2" pin="27"/>
      <node ref="R16" pin="1"/>
      <node ref="R27" pin="1"/>
    </net>
    <net code="31" name="RD5">
      <node ref="R25" pin="1"/>
      <node ref="P11" pin="3"/>
      <node ref="R15" pin="1"/>
      <node ref="U***2" pin="28"/>
    </net>
    <net code="32" name="RD6">
      <node ref="R23" pin="1"/>
      <node ref="U***2" pin="29"/>
      <node ref="R14" pin="1"/>
      <node ref="P11" pin="2"/>
    </net>
    <net code="33" name="RC7">
      <node ref="P4" pin="3"/>
      <node ref="P11" pin="5"/>
      <node ref="U***2" pin="26"/>
    </net>
    <net code="34" name="RC6">
      <node ref="P11" pin="6"/>
      <node ref="U***2" pin="25"/>
      <node ref="P4" pin="1"/>
    </net>
    <net code="35" name="RC5">
      <node ref="P11" pin="7"/>
      <node ref="U***2" pin="24"/>
    </net>
    <net code="36" name="RC4">
      <node ref="P2" pin="3"/>
      <node ref="U***2" pin="23"/>
      <node ref="P11" pin="8"/>
    </net>
    <net code="37" name="RD0">
      <node ref="P7" pin="9"/>
      <node ref="R35" pin="1"/>
      <node ref="S4" pin="4"/>
      <node ref="R22" pin="1"/>
      <node ref="U***2" pin="19"/>
    </net>
    <net code="38" name="RD1">
      <node ref="R33" pin="1"/>
      <node ref="P7" pin="10"/>
      <node ref="U***2" pin="20"/>
      <node ref="S4" pin="3"/>
      <node ref="R19" pin="1"/>
    </net>
    <net code="39" name="RA0">
      <node ref="S1" pin="1"/>
      <node ref="P5" pin="2"/>
      <node ref="U***2" pin="2"/>
    </net>
    <net code="40" name="RA1">
      <node ref="S1" pin="2"/>
      <node ref="U***2" pin="3"/>
      <node ref="P5" pin="3"/>
    </net>
    <net code="41" name="RA2">
      <node ref="P5" pin="4"/>
      <node ref="S1" pin="3"/>
      <node ref="U***2" pin="4"/>
    </net>
    <net code="42" name="RA3">
      <node ref="S1" pin="4"/>
      <node ref="U***2" pin="5"/>
      <node ref="P5" pin="5"/>
    </net>
    <net code="43" name="RA4">
      <node ref="U***2" pin="6"/>
      <node ref="P5" pin="6"/>
    </net>
    <net code="44" name="RA5">
      <node ref="U***2" pin="7"/>
      <node ref="P5" pin="7"/>
    </net>
    <net code="45" name="RE0">
      <node ref="P5" pin="8"/>
      <node ref="U***2" pin="8"/>
      <node ref="S4" pin="7"/>
    </net>
    <net code="46" name="RE1">
      <node ref="P5" pin="9"/>
      <node ref="S4" pin="6"/>
      <node ref="U***2" pin="9"/>
    </net>
    <net code="47" name="RE2">
      <node ref="U***2" pin="10"/>
      <node ref="S4" pin="5"/>
      <node ref="P5" pin="10"/>
    </net>
    <net code="48" name="RC0">
      <node ref="U***2" pin="15"/>
      <node ref="P7" pin="5"/>
    </net>
    <net code="49" name="RC1">
      <node ref="U***2" pin="16"/>
      <node ref="P7" pin="6"/>
    </net>
    <net code="50" name="RC3">
      <node ref="P2" pin="4"/>
      <node ref="P7" pin="8"/>
      <node ref="U***2" pin="18"/>
    </net>
    <net code="51" name="Net-(C14-Pad1)">
      <node ref="C14" pin="1"/>
      <node ref="X4" pin="2"/>
      <node ref="P13" pin="3"/>
    </net>
    <net code="52" name="Net-(D7-Pad1)">
      <node ref="R21" pin="2"/>
      <node ref="D7" pin="1"/>
    </net>
    <net code="53" name="Net-(D9-Pad1)">
      <node ref="R23" pin="2"/>
      <node ref="D9" pin="1"/>
    </net>
    <net code="54" name="Net-(D11-Pad1)">
      <node ref="D11" pin="1"/>
      <node ref="R25" pin="2"/>
    </net>
    <net code="55" name="Net-(D13-Pad1)">
      <node ref="D13" pin="1"/>
      <node ref="R27" pin="2"/>
    </net>
    <net code="56" name="Net-(D15-Pad1)">
      <node ref="R29" pin="2"/>
      <node ref="D15" pin="1"/>
    </net>
    <net code="57" name="Net-(D17-Pad1)">
      <node ref="R31" pin="2"/>
      <node ref="D17" pin="1"/>
    </net>
    <net code="58" name="Net-(D19-Pad1)">
      <node ref="R33" pin="2"/>
      <node ref="D19" pin="1"/>
    </net>
    <net code="59" name="Net-(D21-Pad1)">
      <node ref="R35" pin="2"/>
      <node ref="D21" pin="1"/>
    </net>
    <net code="60" name="Net-(C10-Pad1)">
      <node ref="P13" pin="1"/>
      <node ref="X4" pin="1"/>
      <node ref="C10" pin="1"/>
    </net>
    <net code="62" name="Net-(D11-Pad2)">
      <node ref="D13" pin="2"/>
      <node ref="D21" pin="2"/>
      <node ref="D19" pin="2"/>
      <node ref="D15" pin="2"/>
      <node ref="D17" pin="2"/>
      <node ref="D9" pin="2"/>
      <node ref="D7" pin="2"/>
      <node ref="D11" pin="2"/>
      <node ref="P10" pin="1"/>
    </net>
    <net code="63" name="Net-(LCD2-Pad15)">
      <node ref="LCD2" pin="15"/>
      <node ref="R13" pin="2"/>
    </net>
    <net code="64" name="/V_LCD">
      <node ref="LCD2" pin="2"/>
      <node ref="R13" pin="1"/>
      <node ref="RV2" pin="3"/>
      <node ref="S4" pin="9"/>
    </net>
    <net code="65" name="RS">
      <node ref="LCD2" pin="4"/>
      <node ref="K2" pin="1"/>
      <node ref="S4" pin="10"/>
    </net>
    <net code="66" name="R/W">
      <node ref="LCD2" pin="5"/>
      <node ref="K2" pin="2"/>
      <node ref="S4" pin="11"/>
    </net>
    <net code="67" name="E">
      <node ref="S4" pin="12"/>
      <node ref="LCD2" pin="6"/>
      <node ref="K2" pin="3"/>
    </net>
    <net code="68" name="/DB0">
      <node ref="P22" pin="1"/>
      <node ref="LCD2" pin="7"/>
    </net>
    <net code="69" name="/DB1">
      <node ref="LCD2" pin="8"/>
      <node ref="P22" pin="2"/>
    </net>
    <net code="70" name="/DB2">
      <node ref="LCD2" pin="9"/>
      <node ref="P22" pin="3"/>
    </net>
    <net code="71" name="/DB3">
      <node ref="P22" pin="4"/>
      <node ref="LCD2" pin="10"/>
    </net>
    <net code="72" name="DB4">
      <node ref="S4" pin="13"/>
      <node ref="P22" pin="5"/>
      <node ref="LCD2" pin="11"/>
    </net>
    <net code="73" name="DB5">
      <node ref="P22" pin="6"/>
      <node ref="S4" pin="14"/>
      <node ref="LCD2" pin="12"/>
    </net>
    <net code="74" name="DB6">
      <node ref="LCD2" pin="13"/>
      <node ref="P22" pin="7"/>
      <node ref="S4" pin="15"/>
    </net>
    <net code="75" name="DB7">
      <node ref="LCD2" pin="14"/>
      <node ref="P22" pin="8"/>
      <node ref="S4" pin="16"/>
    </net>
    <net code="76" name="Net-(R10-Pad2)">
      <node ref="R10" pin="2"/>
      <node ref="RV4" pin="2"/>
    </net>
    <net code="77" name="Net-(R9-Pad2)">
      <node ref="RV3" pin="2"/>
      <node ref="R9" pin="2"/>
    </net>
    <net code="78" name="CH1">
      <node ref="R11" pin="1"/>
      <node ref="P8" pin="2"/>
      <node ref="C18" pin="1"/>
      <node ref="S1" pin="7"/>
    </net>
    <net code="79" name="Net-(R11-Pad2)">
      <node ref="R11" pin="2"/>
      <node ref="RV5" pin="2"/>
    </net>
    <net code="80" name="Net-(J1-Pad3)">
      <node ref="U2" pin="13"/>
      <node ref="J1" pin="3"/>
    </net>
    <net code="82" name="DSDA">
      <node ref="IC1" pin="5"/>
      <node ref="P2" pin="1"/>
      <node ref="R2" pin="2"/>
    </net>
    <net code="83" name="CH0">
      <node ref="P8" pin="1"/>
      <node ref="C17" pin="1"/>
      <node ref="R10" pin="1"/>
      <node ref="S1" pin="8"/>
    </net>
    <net code="84" name="CH2">
      <node ref="C13" pin="1"/>
      <node ref="P8" pin="3"/>
      <node ref="R9" pin="1"/>
      <node ref="S1" pin="6"/>
    </net>
    <net code="85" name="CH3">
      <node ref="S1" pin="5"/>
      <node ref="C12" pin="1"/>
      <node ref="R8" pin="1"/>
      <node ref="P8" pin="4"/>
    </net>
    <net code="86" name="Net-(R8-Pad2)">
      <node ref="RV1" pin="2"/>
      <node ref="R8" pin="2"/>
    </net>
    <net code="87" name="Net-(IC1-Pad2)">
      <node ref="IC1" pin="2"/>
      <node ref="X1" pin="1"/>
    </net>
    <net code="88" name="Net-(AFF1-Pad11)">
      <node ref="R22" pin="2"/>
      <node ref="AFF1" pin="11"/>
    </net>
    <net code="89" name="Net-(AFF1-Pad7)">
      <node ref="R19" pin="2"/>
      <node ref="AFF1" pin="7"/>
    </net>
    <net code="90" name="Net-(AFF1-Pad4)">
      <node ref="R18" pin="2"/>
      <node ref="AFF1" pin="4"/>
    </net>
    <net code="91" name="Net-(AFF1-Pad2)">
      <node ref="R17" pin="2"/>
      <node ref="AFF1" pin="2"/>
    </net>
    <net code="92" name="Net-(BT1-Pad1)">
      <node ref="IC1" pin="3"/>
      <node ref="BT1" pin="1"/>
    </net>
    <net code="93" name="Net-(IC1-Pad1)">
      <node ref="X1" pin="2"/>
      <node ref="IC1" pin="1"/>
    </net>
    <net code="94" name="Net-(IC1-Pad7)">
      <node ref="P6" pin="1"/>
      <node ref="P6" pin="2"/>
      <node ref="IC1" pin="7"/>
    </net>
    <net code="95" name="ESDA">
      <node ref="P2" pin="5"/>
      <node ref="R6" pin="2"/>
      <node ref="U3" pin="5"/>
    </net>
    <net code="96" name="ESCL">
      <node ref="R5" pin="2"/>
      <node ref="U3" pin="6"/>
      <node ref="P2" pin="6"/>
    </net>
    <net code="97" name="Net-(R30-Pad1)">
      <node ref="R30" pin="1"/>
      <node ref="S2" pin="1"/>
    </net>
    <net code="98" name="Net-(Q5-Pad2)">
      <node ref="Q5" pin="2"/>
      <node ref="R30" pin="2"/>
    </net>
    <net code="99" name="Net-(Q4-Pad2)">
      <node ref="R28" pin="2"/>
      <node ref="Q4" pin="2"/>
    </net>
    <net code="100" name="Net-(Q3-Pad2)">
      <node ref="R26" pin="2"/>
      <node ref="Q3" pin="2"/>
    </net>
    <net code="101" name="Net-(Q1-Pad2)">
      <node ref="Q1" pin="2"/>
      <node ref="R24" pin="2"/>
    </net>
    <net code="102" name="Net-(R28-Pad1)">
      <node ref="R28" pin="1"/>
      <node ref="S2" pin="2"/>
    </net>
    <net code="103" name="Net-(R26-Pad1)">
      <node ref="S2" pin="3"/>
      <node ref="R26" pin="1"/>
    </net>
    <net code="104" name="Net-(AFF1-Pad6)">
      <node ref="Q5" pin="1"/>
      <node ref="AFF1" pin="6"/>
    </net>
    <net code="105" name="Net-(AFF1-Pad8)">
      <node ref="AFF1" pin="8"/>
      <node ref="Q4" pin="1"/>
    </net>
    <net code="106" name="Net-(AFF1-Pad9)">
      <node ref="Q3" pin="1"/>
      <node ref="AFF1" pin="9"/>
    </net>
    <net code="107" name="Net-(AFF1-Pad12)">
      <node ref="Q1" pin="1"/>
      <node ref="AFF1" pin="12"/>
    </net>
    <net code="108" name="DSCL">
      <node ref="R4" pin="2"/>
      <node ref="IC1" pin="6"/>
      <node ref="P2" pin="2"/>
    </net>
    <net code="109" name="Net-(R24-Pad1)">
      <node ref="R24" pin="1"/>
      <node ref="S2" pin="4"/>
    </net>
    <net code="110" name="Net-(C4-Pad2)">
      <node ref="C4" pin="2"/>
      <node ref="U2" pin="5"/>
    </net>
    <net code="111" name="Net-(AFF1-Pad1)">
      <node ref="AFF1" pin="1"/>
      <node ref="R16" pin="2"/>
    </net>
    <net code="112" name="Net-(AFF1-Pad10)">
      <node ref="R15" pin="2"/>
      <node ref="AFF1" pin="10"/>
    </net>
    <net code="113" name="Net-(AFF1-Pad5)">
      <node ref="AFF1" pin="5"/>
      <node ref="R14" pin="2"/>
    </net>
    <net code="114" name="Net-(AFF1-Pad3)">
      <node ref="R12" pin="2"/>
      <node ref="AFF1" pin="3"/>
    </net>
    <net code="115" name="Net-(P4-Pad2)">
      <node ref="P4" pin="2"/>
      <node ref="U2" pin="11"/>
    </net>
    <net code="116" name="Net-(P4-Pad4)">
      <node ref="U2" pin="12"/>
      <node ref="P4" pin="4"/>
    </net>
    <net code="117" name="Net-(C4-Pad1)">
      <node ref="C4" pin="1"/>
      <node ref="U2" pin="4"/>
    </net>
    <net code="118" name="Net-(C2-Pad2)">
      <node ref="U2" pin="3"/>
      <node ref="C2" pin="2"/>
    </net>
    <net code="119" name="Net-(C2-Pad1)">
      <node ref="C2" pin="1"/>
      <node ref="U2" pin="1"/>
    </net>
    <net code="120" name="Net-(C8-Pad1)">
      <node ref="C8" pin="1"/>
      <node ref="U2" pin="2"/>
    </net>
    <net code="121" name="Net-(C6-Pad2)">
      <node ref="C6" pin="2"/>
      <node ref="U2" pin="6"/>
    </net>
    <net code="122" name="Net-(J1-Pad2)">
      <node ref="J1" pin="2"/>
      <node ref="U2" pin="14"/>
    </net>
    <net code="123" name="Net-(U3-Pad7)">
      <node ref="U3" pin="7"/>
    </net>
    <net code="124" name="Net-(U2-Pad9)">
      <node ref="U2" pin="9"/>
    </net>
    <net code="125" name="Net-(U2-Pad10)">
      <node ref="U2" pin="10"/>
    </net>
    <net code="126" name="Net-(U2-Pad8)">
      <node ref="U2" pin="8"/>
    </net>
    <net code="127" name="Net-(J1-Pad1)">
      <node ref="J1" pin="1"/>
    </net>
    <net code="128" name="Net-(J1-Pad6)">
      <node ref="J1" pin="6"/>
    </net>
    <net code="129" name="Net-(J1-Pad7)">
      <node ref="J1" pin="7"/>
    </net>
    <net code="130" name="Net-(J1-Pad8)">
      <node ref="J1" pin="8"/>
    </net>
    <net code="131" name="Net-(J1-Pad4)">
      <node ref="J1" pin="4"/>
    </net>
    <net code="132" name="Net-(J1-Pad9)">
      <node ref="J1" pin="9"/>
    </net>
    <net code="133" name="Net-(U2-Pad7)">
      <node ref="U2" pin="7"/>
    </net>
  </nets>
</export>
